company,name,year,kms_driven,price,fuel_type,unnamed: 6
Honda,Vario,2011,5000,7500000,bensin,
Honda,Beat,2018,45000,15300000,bensin,
Yamaha,Mio,2022,5000,13300000,bensin,
Honda,Scoopy,2015,25000,12400000,bensin,
Honda,Scoopy,2015,25000,12400000,bensin,
Honda,Beat,2021,25000,15000000,bensin,
Honda,Vario,2020,50000,18500000,bensin,
Honda,Beat,2021,20000,15500000,bensin,
Honda,Beat,2021,25000,16700000,bensin,
Honda,CBR,2022,5000,32900000,bensin,
Yamaha,NMAX,2022,10000,29800000,bensin,
Honda,CBR,2015,40000,14500000,bensin,
Kawasaki,Ninja 250,2015,15000,21500000,bensin,
Honda,Beat,2021,5000,16800000,bensin,
Yamaha,Lexi,2018,15000,15000000,bensin,
Yamaha,Lexi,2019,10000,15500000,bensin,
Yamaha,Lexi,2018,10000,14700000,bensin,
Yamaha,Lexi,2020,10000,17000000,bensin,
Yamaha,Lexi,2020,15000,16700000,bensin,
Honda,Scoopy,2022,5000,15000000,bensin,
Yamaha,Vixion,2016,7000,8950000,bensin,
Viar,Karya,2022,25000,20750000,bensin,
Honda,Vario,2010,6000,4200000,bensin,
Honda,Vario,2010,5000,4200000,bensin,
Honda,Vario,2021,20000,19250000,bensin,
Yamaha,Vega R,2005,30000,3500000,bensin,
Yamaha,Vega R,2011,10000,5500000,bensin,
Yamaha,Vega R,2010,10000,4800000,bensin,
Yamaha,Vega R,2007,10000,4200000,bensin,
Honda,CBR,2017,5000,21000000,bensin,
Honda,CBR,2017,5000,21000000,bensin,
Honda,PCX,2020,30000,29800000,bensin,
Honda,Scoopy,2022,15000,20800000,bensin,
Honda,Beat,2021,5000,16700000,bensin,
Yamaha,Fino,2021,25000,13500000,bensin,
Honda,Scoopy,2019,5000,14900000,bensin,
Honda,Scoopy,2020,5000,16400000,bensin,
Honda,Vario,2022,10000,25500000,bensin,
Viar,150,2021,5000,24500000,bensin,
Honda,Supra,2007,15000,5750000,bensin,
Honda,Supra,2007,30000,5750000,bensin,
Viar,Karya,2017,65000,17500000,bensin,
Honda,Scoopy,2022,5000,19500000,bensin,
Yamaha,Xeon,2011,45000,5850000,bensin,
Honda,Beat,2011,5000,7800000,bensin,
Honda,Beat,2020,5000,14500000,bensin,
Honda,Beat,2018,5000,12500000,bensin,
Yamaha,Vixion,2014,5000,11000000,bensin,
Honda,Vario,2021,5000,18500000,bensin,
Honda,Vario,2016,40000,13250000,bensin,
Honda,Vario,2016,40000,10350000,bensin,
Honda,Vario,2020,15000,18600000,bensin,
Honda,Beat,2022,15000,16250000,bensin,
Honda,Beat,2016,35000,11500000,bensin,
Honda,Vario,2015,40000,12900000,bensin,
Yamaha,Mio,2015,35000,8500000,bensin,
Honda,Vario,2021,15000,18500000,bensin,
Yamaha,Mio,2023,10000,18600000,bensin,
Honda,CBR,2017,25000,39500000,bensin,
Kawasaki,ZX,2021,20000,99500000,bensin,
Yamaha,Xmax,2018,30000,45000000,bensin,
Honda,Supra,2017,30000,12000000,bensin,
Honda,Scoopy,2012,5000,8550000,bensin,
Yamaha,Jupiter,2007,55000,6500000,bensin,
Yamaha,Jupiter,2012,70000,7000000,bensin,
Honda,Beat,2020,15000,13900000,bensin,
Honda,Mega pro,2010,30000,10500000,bensin,
Honda,Scoopy,2019,5000,15200000,bensin,
Honda,Vario,2022,25000,22700000,bensin,
Yamaha,Mio,2021,5000,16900000,bensin,
Honda,PCX,2020,25000,29700000,bensin,
Honda,Scoopy,2020,30000,18500000,bensin,
Honda,PCX,2022,5000,30800000,bensin,
Yamaha,NMAX,2019,20000,22300000,bensin,
Honda,CB 150R,2021,10000,23500000,bensin,
Honda,PCX,2019,20000,28500000,bensin,
Honda,PCX,2019,20000,28500000,bensin,
Honda,Vario,2013,25000,10200000,bensin,
Yamaha,Aerox,2019,5000,28500000,bensin,
Honda,Vario,2021,15000,18350000,bensin,
Yamaha,Aerox,2019,5000,28500000,bensin,
Honda,PCX,2019,25000,21900000,bensin,
Kawasaki,Ninja 250,2022,10000,59000000,bensin,
Yamaha,Mio,2009,5000,5800000,bensin,
Honda,Supra,2016,20000,10400000,bensin,
Honda,Supra,2016,20000,10400000,bensin,
Yamaha,Mio,2022,5000,15900000,bensin,
Yamaha,Mio,2022,5000,15900000,bensin,
Yamaha,Fino,2022,5000,18500000,bensin,
Yamaha,Freego,2021,5000,14500000,bensin,
Honda,Vario,2020,20000,17950000,bensin,
Honda,Beat,2023,5000,17299000,bensin,
Kawasaki,Ninja 250,2020,30000,52000000,bensin,
Kawasaki,Ninja 250,2020,25000,52000000,bensin,
Kawasaki,Ninja 250,2020,30000,52000000,bensin,
Honda,Supra,2006,45000,5200000,bensin,
Honda,PCX,2021,30000,26300000,bensin,
Yamaha,Aerox,2019,5000,28500000,bensin,
Yamaha,Aerox,2018,45000,18500000,bensin,
Yamaha,NMAX,2018,60000,20500000,bensin,
Honda,Beat,2017,35000,12500000,bensin,
Honda,Supra,2012,5000,11800000,bensin,
Honda,Beat,2015,35000,9900000,bensin,
Honda,Vario,2019,20000,17000000,bensin,
Honda,Vario,2019,20000,17000000,bensin,
Honda,PCX,2014,35000,18750000,bensin,
Honda,Vario,2019,20000,17000000,bensin,
Honda,CB 150R,2016,10000,16500000,bensin,
Honda,Vario,2014,50000,9900000,bensin,
Honda,Scoopy,2023,5000,19900000,bensin,
Yamaha,Soul GT,2016,25000,10500000,bensin,
Honda,PCX,2020,5000,26500000,bensin,
Yamaha,Soul GT,2016,20000,10500000,bensin,
Honda,Supra,2019,20000,12500000,bensin,
Honda,Forza,2019,10000,74000000,bensin,
Honda,CB,2015,20000,14500000,bensin,
Yamaha,Soul GT,2016,20000,10500000,bensin,
Yamaha,NMAX,2021,10000,29000000,bensin,
Honda,Beat,2021,20000,14800000,bensin,
Yamaha,Fino,2017,25000,12300000,bensin,
Honda,Vario,2014,30000,11000000,bensin,
Yamaha,Aerox,2022,5000,27500000,bensin,
Honda,Scoopy,2022,10000,18500000,bensin,
Honda,Scoopy,2021,20000,17250000,bensin,
Yamaha,Mio,2017,25000,10000000,bensin,
Honda,PCX,2021,20000,28000000,bensin,
Honda,Beat,2012,5000,7500000,bensin,
Honda,Scoopy,2022,15000,18600000,bensin,
Honda,Scoopy,2022,10000,18750000,bensin,
Yamaha,Freego,2021,20000,15200000,bensin,
Honda,Scoopy,2019,35000,11800000,bensin,
Yamaha,Mio,2016,25000,9750000,bensin,
Honda,Vario,2018,20000,17700000,bensin,
Honda,Vario,2022,10000,25500000,bensin,
Honda,Vario,2022,10000,22900000,bensin,
Honda,Beat,2020,15000,15500000,bensin,
Honda,Vario,2022,10000,21500000,bensin,
Yamaha,Mio,2018,20000,10600000,bensin,
Honda,Vario,2010,5000,4200000,bensin,
Honda,Vario,2010,5000,4200000,bensin,
Yamaha,Vixion,2016,5000,8950000,bensin,
Honda,Vario,2018,20000,17750000,bensin,
Yamaha,NMAX,2022,15000,26000000,bensin,
Yamaha,YZF R15,2022,5000,36000000,bensin,
Yamaha,YZF R15,2022,5000,36000000,bensin,
Honda,Supra,1991,300000,4800000,bensin,
Yamaha,Mio,2016,25000,9750000,bensin,
Yamaha,Mio,2016,20000,9750000,bensin,
Yamaha,Vixion,2017,5000,12000000,bensin,
Honda,Beat,2011,5000,7800000,bensin,
Honda,Beat,2018,5000,12500000,bensin,
Honda,Beat,2022,5000,16500000,bensin,
Honda,Beat,2019,20000,13000000,bensin,
Honda,Beat,2022,5000,16500000,bensin,
Benelli,BN,2021,5000,200000000,bensin,
Yamaha,Aerox,2021,45000,25000000,bensin,
Kawasaki,Ninja KRR,2013,75000,17500000,bensin,
Honda,Sonic,2020,25000,13000000,bensin,
Yamaha,Vega R,2004,5000,4000000,bensin,
Kawasaki,Ninja 250,2023,40000,29000000,bensin,
Yamaha,Mio,2008,15000,4200000,bensin,
Honda,CBR,2014,45000,15800000,bensin,
Honda,Scoopy,2022,15000,19800000,bensin,
Honda,Vario,2016,15000,19000000,bensin,
Kawasaki,ZX,2021,20000,99500000,bensin,
Honda,Vario,2021,45000,18500000,bensin,
Honda,PCX,2018,30000,21850000,bensin,
Yamaha,Freego,2023,10000,26000000,bensin,
Yamaha,Vega R,2008,90000,4600000,bensin,
Yamaha,MT 25,2019,5000,45500000,bensin,
Yamaha,MT 25,2019,5000,45500000,bensin,
Yamaha,Vixion,2016,5000,8950000,bensin,
Honda,PCX,2022,10000,28800000,bensin,
Yamaha,Jupiter,2023,5000,25500000,bensin,
Honda,CBR,2019,5000,25500000,bensin,
Kawasaki,Ninja 250,2015,5000,37500000,bensin,
Honda,CBR,2022,5000,61000000,bensin,
Kawasaki,W800,2020,10000,26000000,bensin,
Kawasaki,W800,2020,5000,26000000,bensin,
Yamaha,Freego,2021,20000,15200000,bensin,
Suzuki,Satria,2016,15000,15000000,bensin,
Yamaha,Soul GT,2016,20000,10500000,bensin,
Honda,CBR,2017,5000,21500000,bensin,
Suzuki,GSX,2018,5000,19800000,bensin,
Honda,Vario,2014,95000,9100000,bensin,
Kawasaki,Ninja 250,2015,5000,21500000,bensin,
Kawasaki,Ninja 250,2019,15000,48000000,bensin,
Honda,Beat,2020,5000,14600000,bensin,
Kawasaki,Ninja 250,2019,20000,48000000,bensin,
Honda,Sonic,2018,5000,16500000,bensin,
Honda,Vario,2015,20000,15500000,bensin,
Yamaha,YZF R15,2022,5000,36000000,bensin,
Kawasaki,Ninja 250,2020,5000,28500000,bensin,
Kawasaki,Ninja 250,2018,10000,43000000,bensin,
Honda,Vario,2023,5000,21300000,bensin,
Honda,Beat,2023,5000,18200000,bensin,
Honda,Sonic,2018,15000,16500000,bensin,
Yamaha,YZF R15,2022,5000,36000000,bensin,
Honda,Scoopy,2021,10000,17750000,bensin,
Honda,Vario,2020,5000,19700000,bensin,
Honda,Vario,2017,5000,16400000,bensin,
Honda,CB 150R,2021,30000,24500000,bensin,
Yamaha,Fino,2018,5000,12900000,bensin,
Kawasaki,Ninja 250,2020,5000,28500000,bensin,
Kawasaki,Ninja 250,2020,5000,28500000,bensin,
Kawasaki,Ninja 250,2020,5000,28500000,bensin,
Honda,Vario,2021,30000,22000000,bensin,
Yamaha,Aerox,2018,5000,18750000,bensin,
Honda,PCX,2022,20000,31400000,bensin,
Honda,Beat,2023,5000,18200000,bensin,
Honda,Scoopy,2023,5000,20700000,bensin,
Honda,Beat,2018,70000,14200000,bensin,
Honda,PCX,2020,25000,29700000,bensin,
Honda,Scoopy,2020,30000,18500000,bensin,
Yamaha,Xabre,2020,10000,29750000,bensin,
Honda,CB 150R,2022,10000,25850000,bensin,
Yamaha,YZF R15,2015,25000,13250000,bensin,
Honda,CB 150R,2020,5000,21000000,bensin,
Honda,Vario,2017,5000,15900000,bensin,
Honda,CB 150R,2019,5000,19500000,bensin,
Honda,CBR,2019,15000,23500000,bensin,
Honda,Scoopy,2018,25000,15100000,bensin,
Honda,Scoopy,2022,10000,18750000,bensin,
Honda,Vario,2017,35000,15900000,bensin,
Honda,Scoopy,2021,15000,17700000,bensin,
Honda,CBR,2023,15000,28900000,bensin,
Honda,Beat,2021,30000,15100000,bensin,
Honda,Beat,2021,15000,14800000,bensin,
Honda,CBR,2022,30000,27500000,bensin,
Kawasaki,Ninja 250,2013,15000,27500000,bensin,
Yamaha,NMAX,2022,20000,26500000,bensin,
Yamaha,YZF R15,2023,10000,33800000,bensin,
Honda,PCX,2021,15000,29500000,bensin,
Kawasaki,Ninja 250,2016,50000,33300000,bensin,
Yamaha,Mio,2018,5000,12500000,bensin,
Suzuki,Shooter,2014,5000,5750000,bensin,
Honda,Sonic,2021,5000,18400000,bensin,
Honda,Vario,2017,20000,16500000,bensin,
Honda,Vario,2017,50000,17800000,bensin,
Yamaha,YZF R15,2015,25000,13250000,bensin,
Suzuki,Shogun,2005,300000,4300000,bensin,
Honda,Beat,2016,35000,10100000,bensin,
Yamaha,Xeon,2015,25000,9000000,bensin,
Yamaha,NMAX,2019,30000,21300000,bensin,
Honda,Scoopy,2018,35000,14300000,bensin,
Honda,Beat,2023,10000,16900000,bensin,
Honda,Beat,2022,15000,15500000,bensin,
Honda,PCX,2021,25000,26250000,bensin,
Yamaha,NMAX,2021,25000,22600000,bensin,
Honda,Beat,2015,45000,10000000,bensin,
Honda,Vario,2017,35000,13900000,bensin,
Honda,Beat,2019,65000,13200000,bensin,
Honda,CBR,2019,30000,22300000,bensin,
Honda,Scoopy,2018,5000,14500000,bensin,
Honda,Beat,2011,5000,7800000,bensin,
Honda,Beat,2018,5000,12500000,bensin,
Yamaha,Vixion,2017,5000,12000000,bensin,
Yamaha,Vixion,2014,5000,11000000,bensin,
Honda,PCX,2020,25000,29700000,bensin,
Honda,Scoopy,2020,25000,18500000,bensin,
Honda,Beat,2014,105000,8000000,bensin,
Yamaha,Aerox,2017,65000,16000000,bensin,
Honda,CBR,2017,25000,39500000,bensin,
Yamaha,Freego,2022,5000,19800000,bensin,
Honda,Beat,2023,5000,18200000,bensin,
Honda,Scoopy,2023,5000,20700000,bensin,
Honda,CBR,2016,5000,18800000,bensin,
Yamaha,Byson,2016,5000,13000000,bensin,
Yamaha,Fino,2021,5000,17700000,bensin,
Honda,Astrea,1996,300000,5000000,bensin,
Honda,kharisma,2004,20000,4000000,bensin,
Kawasaki,Ninja 250,2017,10000,42000000,bensin,
Kawasaki,Ninja 250,2017,10000,42000000,bensin,
Honda,Beat,2022,5000,16500000,bensin,
Honda,Scoopy,2016,25000,11500000,bensin,
Honda,NSR,1991,30000,400000000,bensin,
Kawasaki,ZX,2011,20000,250000000,bensin,
Honda,Scoopy,2019,5000,14300000,bensin,
Honda,Sonic,2015,50000,12500000,bensin,
Honda,Sonic,2015,50000,12500000,bensin,
Honda,CBR,2017,25000,17600000,bensin,
Honda,Sonic,2015,50000,12500000,bensin,
Honda,CBR,2023,5000,33500000,bensin,
Honda,Sonic,2015,50000,12500000,bensin,
Yamaha,NMAX,2020,20000,27000000,bensin,
Yamaha,NMAX,2020,20000,27000000,bensin,
Yamaha,NMAX,2020,20000,27000000,bensin,
Yamaha,NMAX,2020,20000,27000000,bensin,
Kawasaki,Ninja 250,2019,15000,41000000,bensin,
Honda,Supra,2018,25000,14000000,bensin,
Honda,Supra,2018,25000,14000000,bensin,
Honda,Vario,2018,20000,18500000,bensin,
Kawasaki,Ninja 250,2019,15000,41000000,bensin,
Honda,CBR,2012,15000,26000000,bensin,
Honda,CBR,2016,25000,16600000,bensin,
Honda,CBR,2023,5000,33500000,bensin,
Honda,Beat,2023,5000,18400000,bensin,
Honda,Scoopy,2016,40000,12000000,bensin,
Yamaha,Aerox,2018,50000,23800000,bensin,
Honda,Beat,2020,35000,16200000,bensin,
Honda,Vario,2019,40000,20400000,bensin,
Honda,Beat,2021,30000,16900000,bensin,
Honda,PCX,2022,20000,31400000,bensin,
Honda,CB 150R,2017,15000,16500000,bensin,
Yamaha,Vixion,2016,5000,8950000,bensin,
Kawasaki,D-Tracker,2018,15000,23500000,bensin,
Honda,PCX,2021,10000,28000000,bensin,
Honda,Beat,2014,5000,8500000,bensin,
Honda,Beat,2014,5000,8500000,bensin,
Honda,Scoopy,2022,5000,19800000,bensin,
Yamaha,YZF R15,2018,5000,26500000,bensin,
Yamaha,NMAX,2021,20000,26500000,bensin,
Yamaha,Aerox,2017,25000,19800000,bensin,
Yamaha,YZF R15,2023,5000,26500000,bensin,
Yamaha,NMAX,2021,20000,26500000,bensin,
Yamaha,YZF R15,2023,5000,37000000,bensin,
Yamaha,Grizzly,2021,50000,11750000,bensin,
Yamaha,YZF R15,2021,15000,28500000,bensin,
Honda,CBR,2018,15000,23000000,bensin,
Yamaha,Xeon,2014,5000,8600000,bensin,
Yamaha,Xabre,2016,5000,20500000,bensin,
Yamaha,Xabre,2016,5000,20500000,bensin,
Yamaha,Xabre,2016,5000,20500000,bensin,
Yamaha,Freego,2022,5000,20500000,bensin,
Yamaha,NMAX,2020,30000,23500000,bensin,
Honda,CBR,2010,30000,25000000,bensin,
Yamaha,NMAX,2020,35000,23950000,bensin,
Honda,Beat,2021,20000,14950000,bensin,
Honda,PCX,2019,25000,21950000,bensin,
Honda,Beat,2021,25000,14850000,bensin,
Yamaha,Scorpio,2012,35000,13900000,bensin,
Honda,Vario,2016,30000,13350000,bensin,
Honda,Vario,2015,35000,12900000,bensin,
Honda,Vario,2015,40000,13500000,bensin,
Honda,Beat,2016,35000,10750000,bensin,
Honda,Beat,2016,45000,11000000,bensin,
Honda,Beat,2015,60000,10100000,bensin,
Honda,Scoopy,2016,25000,12500000,bensin,
Yamaha,NMAX,2020,30000,23750000,bensin,
Honda,CBR,2017,30000,16500000,bensin,
Honda,Scoopy,2022,10000,18300000,bensin,
Yamaha,NMAX,2019,30000,20800000,bensin,
Yamaha,Vixion,2017,5000,12000000,bensin,
Honda,Scoopy,2022,10000,18600000,bensin,
Honda,Vario,2021,25000,20500000,bensin,
Honda,Scoopy,2018,20000,15500000,bensin,
Honda,Scoopy,2018,5000,14500000,bensin,
Honda,Beat,2023,5000,17000000,bensin,
Honda,Beat,2011,5000,7800000,bensin,
Honda,Beat,2017,5000,16500000,bensin,
Kawasaki,Ninja R,2015,50000,45000000,bensin,
Honda,Beat,2017,50000,12500000,bensin,
Kawasaki,Versys,2023,5000,75000000,bensin,
Honda,CB,2016,35000,14500000,bensin,
Honda,CBR,2023,5000,61000000,bensin,
Kawasaki,Z Series,2013,15000,37500000,bensin,
Kawasaki,Estrella,2019,10000,23250000,bensin,
Yamaha,F 1 ZR,2002,20000,11000000,bensin,
Yamaha,F 1 ZR,1999,25000,9900000,bensin,
Yamaha,NMAX,2019,55000,21000000,bensin,
Honda,CB 150R,2018,30000,16000000,bensin,
Yamaha,R1,2014,15000,350000000,bensin,
Honda,Beat,2023,5000,16250000,bensin,
Kawasaki,Ninja,2022,5000,135000000,bensin,
Yamaha,NMAX,2022,55000,27500000,bensin,
Benelli,Patagonian Eagle,2021,25000,60000000,bensin,
Honda,Beat,2016,30000,11500000,bensin,
Kawasaki,Ninja R,2019,30000,20500000,bensin,
Kawasaki,KLX,2021,10000,28500000,bensin,
Honda,Vario,2021,25000,20500000,bensin,
Honda,Vario,2020,15000,18500000,bensin,
Yamaha,Xmax,2018,15000,46000000,bensin,
Honda,Scoopy,2018,35000,14000000,bensin,
Honda,Scoopy,2023,10000,19000000,bensin,
Honda,Vario,2019,30000,18500000,bensin,
Honda,Beat,2019,30000,14000000,bensin,
Yamaha,Xeon,2015,35000,9000000,bensin,
Honda,Impressa,1995,30000,10500000,bensin,
Honda,Beat,2022,15000,16000000,bensin,
Yamaha,NMAX,2022,5000,29800000,bensin,
Honda,CBR,2019,5000,24500000,bensin,
Yamaha,Freego,2021,5000,14500000,bensin,
Honda,Scoopy,2023,10000,19800000,bensin,
Honda,CBR,2023,5000,33500000,bensin,
Yamaha,Soul GT,2016,20000,10500000,bensin,
Yamaha,Freego,2021,20000,15200000,bensin,
Yamaha,Freego,2021,20000,15200000,bensin,
Yamaha,Vixion,2016,5000,8950000,bensin,
Honda,Vario,2014,45000,10000000,bensin,
Honda,Scoopy,2021,40000,16800000,bensin,
Yamaha,RX,1986,300000,7999999,bensin,
Honda,Scoopy,2018,35000,14000000,bensin,
Honda,Scoopy,2018,35000,14000000,bensin,
Yamaha,MT 25,2019,5000,45500000,bensin,
Yamaha,MT 25,2019,5000,45500000,bensin,
Kawasaki,Ninja 250,2018,5000,47500000,bensin,
Honda,Beat,2018,70000,13900000,bensin,
Honda,PCX,2020,25000,29700000,bensin,
Honda,Scoopy,2020,30000,18500000,bensin,
Honda,Beat,2017,30000,12500000,bensin,
Honda,Supra,2011,25000,9250000,bensin,
Honda,Supra,2011,20000,9250000,bensin,
Yamaha,Vixion,2015,60000,11000000,bensin,
Honda,CBR,2019,10000,24500000,bensin,
Honda,Vario,2021,20000,19250000,bensin,
Honda,Vario,2021,20000,19250000,bensin,
Honda,Beat,2021,20000,16700000,bensin,
Kawasaki,ZX,2023,5000,385000000,bensin,
Honda,CB 150R,2016,5000,16500000,bensin,
Honda,CB 150R,2016,5000,16500000,bensin,
Honda,CBR,2016,15000,16500000,bensin,
Yamaha,Mio,2022,5000,14500000,bensin,
Yamaha,Mio,2018,5000,10900000,bensin,
Honda,Tiger,2012,5000,31000000,bensin,
Honda,Beat,2021,20000,16500000,bensin,
Yamaha,NMAX,2023,5000,31300000,bensin,
Honda,Vario,2017,70000,14500000,bensin,
Honda,CRF250Rally,2023,5000,32899000,bensin,
Yamaha,NMAX,2021,25000,27000000,bensin,
Honda,CB 150R,2015,80000,4500000,bensin,
Yamaha,NMAX,2021,45000,25500000,bensin,
Honda,Vario,2020,30000,20000000,bensin,
Honda,Vario,2020,30000,20000000,bensin,
Honda,Vario,2020,30000,20000000,bensin,
Yamaha,Aerox,2017,20000,20000000,bensin,
Yamaha,Aerox,2017,20000,20000000,bensin,
Honda,Vario,2020,30000,20000000,bensin,
Honda,Vario,2020,30000,20000000,bensin,
Honda,Vario,2020,30000,20000000,bensin,
Honda,PCX,2019,20000,28500000,bensin,
Honda,Scoopy,2020,20000,18500000,bensin,
Honda,Scoopy,2020,20000,18500000,bensin,
Honda,Supra,2016,20000,10500000,bensin,
Kawasaki,Ninja 250,2022,10000,59000000,bensin,
Kawasaki,Ninja 250,2022,10000,59000000,bensin,
Honda,Scoopy,2020,20000,18500000,bensin,
Honda,Scoopy,2020,20000,18500000,bensin,
Honda,Scoopy,2020,20000,18500000,bensin,
Honda,Scoopy,2020,20000,18500000,bensin,
Honda,Vario,2014,30000,12500000,bensin,
Kawasaki,Ninja 250,2020,25000,42000000,bensin,
Honda,Vario,2014,30000,12500000,bensin,
Honda,Vario,2014,30000,12500000,bensin,
Honda,Vario,2014,30000,12500000,bensin,
Honda,Vario,2014,30000,12500000,bensin,
Honda,Vario,2014,30000,12500000,bensin,
Yamaha,Aerox,2019,5000,28500000,bensin,
Honda,Beat,2017,5000,13500000,bensin,
Honda,Forza,2019,10000,74000000,bensin,
Honda,PCX,2019,30000,23000000,bensin,
Honda,Vario,2014,30000,11500000,bensin,
Yamaha,NMAX,2021,10000,29000000,bensin,
Yamaha,Mio,2016,55000,8250000,bensin,
Yamaha,NMAX,2021,10000,29000000,bensin,
Yamaha,Soul GT,2016,25000,10500000,bensin,
Honda,Vario,2015,30000,10200000,bensin,
Yamaha,Freego,2021,20000,15200000,bensin,
Yamaha,Vixion,2013,15000,10850000,bensin,
Yamaha,YZF R15,2022,5000,36000000,bensin,
Kawasaki,Ninja,2013,5000,50500000,bensin,
Honda,Beat,2015,55000,10850000,bensin,
Kawasaki,ZX,1999,30000,55000000,bensin,
Yamaha,YZF R25,2016,35000,33800000,bensin,
Kawasaki,Ninja 250,2018,20000,48000000,bensin,
Kawasaki,Ninja 250,2022,5000,28500000,bensin,
Kawasaki,Ninja 250,2020,5000,28500000,bensin,
Honda,Vario,2011,25000,8350000,bensin,
Kawasaki,Ninja 250,2020,5000,28500000,bensin,
Kawasaki,Ninja 250,2018,10000,43000000,bensin,
Honda,Scoopy,2021,15000,17750000,bensin,
Honda,CBR,2023,5000,61000000,bensin,
Honda,CBR,2023,5000,61000000,bensin,
Honda,CBR,2023,5000,61000000,bensin,
Honda,CRF250Rally,2023,10000,31420000,bensin,
Honda,Vario,2020,5000,19700000,bensin,
Honda,CB 150R,2021,30000,24500000,bensin,
Honda,CB 150R,2021,30000,24500000,bensin,
Honda,CB 150R,2021,30000,24500000,bensin,
Kawasaki,Ninja 250,2020,5000,28500000,bensin,
Honda,Vario,2018,25000,16800000,bensin,
Honda,Vario,2018,20000,16800000,bensin,
Yamaha,YZF R15,2015,25000,13250000,bensin,
Kawasaki,Z Series,2022,5000,410000000,bensin,
Yamaha,NMAX,2019,15000,23000000,bensin,
Honda,Beat,2018,40000,12400000,bensin,
Honda,Beat,2023,5000,18200000,bensin,
Honda,Scoopy,2023,5000,20700000,bensin,
Yamaha,Mio,2014,85000,7600000,bensin,
Honda,Supra,2016,25000,11800000,bensin,
Honda,Beat,2019,15000,13000000,bensin,
Honda,Beat,2021,15000,14800000,bensin,
Yamaha,Fino,2024,5000,26500000,bensin,
Yamaha,Mio,2021,15000,16000000,bensin,
Honda,CB 150R,2016,5000,16500000,bensin,
Kawasaki,Ninja 250,2016,5000,33900000,bensin,
Yamaha,Byson,2012,5000,19000000,bensin,
Yamaha,Xeon,2015,60000,9250000,bensin,
Yamaha,Xeon,2014,80000,9000000,bensin,
Yamaha,Xeon,2014,100000,8500000,bensin,
Yamaha,Xeon,2013,100000,8200000,bensin,
Yamaha,Xeon,2014,80000,8550000,bensin,
Kawasaki,W800,2021,5000,27900000,bensin,
Kawasaki,Z Series,2017,35000,35000000,bensin,
Kawasaki,Z Series,2013,50000,22500000,bensin,
Honda,CB,2022,25000,27000000,bensin,
Yamaha,WR 250,2020,25000,26500000,bensin,
Kawasaki,Ninja ER-6N,2013,20000,64500000,bensin,
Yamaha,Vixion,2014,5000,10000000,bensin,
Benelli,BN,2017,20000,29500000,bensin,
Honda,Beat,2018,5000,15400000,bensin,
Suzuki,Shogun,2002,105000,4000000,bensin,
Yamaha,Fino,2023,5000,21800000,bensin,
Kawasaki,Z Series,2015,15000,30000000,bensin,
Honda,Vario,2016,5000,17700000,bensin,
Honda,Vario,2022,20000,22700000,bensin,
Honda,Beat,2009,25000,6800000,bensin,
Honda,Supra,2016,20000,10400000,bensin,
Honda,Scoopy,2016,5000,13800000,bensin,
Yamaha,YZF R15,2014,5000,16500000,bensin,
Honda,Supra,2004,55000,5000000,bensin,
Honda,Beat,2013,5000,9500000,bensin,
Honda,Vario,2022,10000,26500000,bensin,
Kawasaki,Ninja 250,2022,10000,59000000,bensin,
Honda,Vario,2017,85000,13750000,bensin,
Honda,Vario,2020,20000,17950000,bensin,
Honda,Beat,2022,10000,17800000,bensin,
Honda,Vario,2015,5000,12500000,bensin,
Honda,CBR,2023,5000,33500000,bensin,
Yamaha,YZF R15,2015,5000,17000000,bensin,
Honda,Forza,2019,10000,74000000,bensin,
Honda,Vario,2014,25000,11500000,bensin,
Yamaha,NMAX,2021,10000,29000000,bensin,
Yamaha,Freego,2019,20000,16500000,bensin,
Yamaha,Fino,2022,20000,19000000,bensin,
Honda,Vario,2020,55000,19500000,bensin,
Honda,Beat,2014,50000,8000000,bensin,
Honda,Beat,2015,35000,10000000,bensin,
Honda,Supra,2017,20000,11800000,bensin,
Honda,PCX,2019,20000,26500000,bensin,
Yamaha,Mio,2009,100000,4900000,bensin,
Honda,Revo,2020,15000,10000000,bensin,
Honda,CBR,2017,25000,39500000,bensin,
Kawasaki,ZX,2021,20000,99500000,bensin,
Suzuki,Satria,2013,25000,7450000,bensin,
Yamaha,NMAX,2021,25000,27500000,bensin,
Honda,PCX,2021,5000,28000000,bensin,
Yamaha,MT 25,2019,5000,45500000,bensin,
Honda,CBR,2022,5000,61000000,bensin,
Suzuki,GSX,2018,5000,19800000,bensin,
Kawasaki,Ninja 250,2020,5000,28500000,bensin,
Honda,Scoopy,2021,15000,17750000,bensin,
Honda,Scoopy,2021,10000,17750000,bensin,
Honda,Supra,2022,15000,20500000,bensin,
Yamaha,Xmax,2022,15000,32000000,bensin,
Honda,PCX,2020,5000,25500000,bensin,
Honda,Vario,2022,5000,19800000,bensin,
Kawasaki,Ninja 250,2020,5000,28500000,bensin,
Yamaha,Jupiter,2001,40000,4000000,bensin,
Honda,Beat,2022,20000,15850000,bensin,
Honda,Beat,2019,300000,11000000,bensin,
Honda,Beat,2019,55000,13500000,bensin,
Yamaha,Freego,2020,5000,16500000,bensin,
Yamaha,YZF R15,2015,25000,13250000,bensin,
Honda,Supra,2017,60000,9750000,bensin,
Suzuki,Shogun,2010,75000,6500000,bensin,
Yamaha,Fazer,2022,5000,19950000,bensin,
Honda,Scoopy,2019,20000,13000000,bensin,
Kawasaki,Ninja ER-6N,2013,20000,64500000,bensin,
Honda,CBR,2017,25000,39500000,bensin,
Yamaha,WR 250,2020,25000,26500000,bensin,
Honda,Vario,2017,25000,16500000,bensin,
Kawasaki,Z Series,2013,40000,28500000,bensin,
Honda,CBR,2017,25000,17600000,bensin,
Honda,CBR,2023,5000,33500000,bensin,
Kawasaki,Ninja 250,2019,15000,41000000,bensin,
Honda,CBR,2016,20000,16600000,bensin,
Honda,Beat,2022,5000,17000000,bensin,
Honda,CBR,2019,15000,20000000,bensin,
Honda,CB 150R,2016,5000,13500000,bensin,
Honda,CB 150R,2016,5000,13500000,bensin,
Honda,Vario,2018,20000,18500000,bensin,
Yamaha,YZF R15,2018,15000,26500000,bensin,
Yamaha,YZF R15,2023,5000,37000000,bensin,
Yamaha,NMAX,2019,45000,24300000,bensin,
Yamaha,Soul GT,2016,35000,11000000,bensin,
Yamaha,Xabre,2016,5000,20500000,bensin,
Kawasaki,Ninja 250,2018,15000,47500000,bensin,
Honda,Vario,2017,35000,15500000,bensin,
Yamaha,NMAX,2017,30000,19700000,bensin,
Honda,Revo,2020,5000,12500000,bensin,
Honda,PCX,2019,25000,22500000,bensin,
Honda,Beat,2018,45000,12200000,bensin,
Honda,Vario,2018,20000,16500000,bensin,
Honda,PCX,2019,25000,22500000,bensin,
Honda,Vario,2013,15000,10500000,bensin,
Yamaha,Fino,2008,35000,34950000,bensin,
Honda,Scoopy,2018,40000,15500000,bensin,
Honda,Beat,2022,5000,16000000,bensin,
Yamaha,Vixion,2015,120000,13500000,bensin,
Honda,Vario,2010,5000,4200000,bensin,
Yamaha,YZF R15,2023,5000,36500000,bensin,
Honda,CRF250Rally,2022,15000,33500000,bensin,
Honda,CBR,2018,5000,23000000,bensin,
Honda,CB 150R,2017,15000,18500000,bensin,
Honda,Beat,2013,10000,8700000,bensin,
Yamaha,Aerox,2017,40000,18000000,bensin,
Yamaha,Scorpio,2011,55000,10000000,bensin,
Kawasaki,Z Series,2022,5000,480000000,bensin,
Yamaha,NMAX,2017,20000,19700000,bensin,
Yamaha,Aerox,2017,15000,19800000,bensin,
Aprilia,RS Sport,2022,5000,290000000,bensin,
Honda,CBR,2020,15000,25000000,bensin,
Kawasaki,ZX,2019,15000,350000000,bensin,
Suzuki,GSX,2017,20000,18500000,bensin,
Kawasaki,ZX,2023,5000,390000000,bensin,
Yamaha,Jupiter,2014,85000,10500000,bensin,
Honda,CBR,2023,5000,73000000,bensin,
Honda,Forza,2018,10000,72000000,bensin,
Honda,Monkey,2021,5000,80000000,bensin,
Honda,Monkey,2023,5000,89000000,bensin,
Yamaha,Xmax,2023,5000,68500000,bensin,
Honda,Monkey,2023,5000,96000000,bensin,
Honda,Little Cub,2023,5000,38000000,bensin,
Honda,Monkey,2023,5000,96000000,bensin,
Honda,Little Cub,2023,5000,38000000,bensin,
Honda,Zoomer,2023,5000,38000000,bensin,
Yamaha,Fino,2021,5000,92500000,bensin,
Yamaha,YZF R25,2019,5000,80000000,bensin,
Honda,Forza,2019,10000,74000000,bensin,
Honda,Beat,2019,5000,15900000,bensin,
Kawasaki,Z Series,2014,25000,15500000,bensin,
Honda,Supra,2019,5000,12500000,bensin,
Yamaha,YZF R15,2014,5000,16500000,bensin,
Honda,Revo,2019,40000,8500000,bensin,
Yamaha,NMAX,2021,10000,28500000,bensin,
Suzuki,Nex,2018,40000,9700000,bensin,
Honda,Vario,2022,5000,25500000,bensin,
Honda,CB 150R,2019,15000,17250000,bensin,
Yamaha,Mio,2022,5000,16900000,bensin,
Honda,Scoopy,2021,15000,19000000,bensin,
Honda,Revo,2012,5000,8000000,bensin,
Yamaha,Soul GT,2012,35000,7500000,bensin,
Honda,CRF250Rally,2023,5000,31300000,bensin,
Honda,Beat,2023,5000,17000000,bensin,
Yamaha,Aerox,2019,15000,22000000,bensin,
Yamaha,NMAX,2021,10000,29500000,bensin,
Yamaha,Xmax,2017,15000,44500000,bensin,
Yamaha,Mio,2011,25000,5950000,bensin,
Yamaha,Freego,2022,15000,20500000,bensin,
Honda,Vario,2013,25000,11300000,bensin,
Yamaha,NMAX,2022,10000,26500000,bensin,
Honda,PCX,2019,20000,25000000,bensin,
Honda,Vario,2019,45000,17600000,bensin,
Suzuki,Shogun,1997,60000,6900000,bensin,
Honda,CBR,2019,5000,24000000,bensin,
Honda,Beat,2014,5000,9800000,bensin,
Yamaha,YZF R15,2018,10000,23000000,bensin,
Yamaha,Lexi,2019,5000,15500000,bensin,
Yamaha,Aerox,2019,15000,22000000,bensin,
Honda,CB 150R,2020,5000,21000000,bensin,
Honda,Vario,2018,20000,16500000,bensin,
Honda,Beat,2022,35000,14500000,bensin,
Honda,Beat,2021,15000,16900000,bensin,
Kawasaki,Estrella,2020,35000,22750000,bensin,
Yamaha,Mio,2008,60000,5000000,bensin,
Honda,Supra,2011,25000,10000000,bensin,
Honda,Supra,2018,5000,14800000,bensin,
Yamaha,Mio,2021,10000,16900000,bensin,
Kawasaki,Ninja 250,2019,5000,49000000,bensin,
Honda,Spacy,2012,70000,6900000,bensin,
Suzuki,GSX,2022,20000,18500000,bensin,
Honda,CB 150R,2017,15000,18500000,bensin,
Yamaha,NMAX,2017,25000,19700000,bensin,
Honda,CBR,2020,15000,25000000,bensin,
Honda,PCX,2021,35000,27000000,bensin,
Honda,Beat,2023,20000,17000000,bensin,
Honda,Vario,2008,85000,5000000,bensin,
Yamaha,Lexi,2022,15000,22000000,bensin,
Honda,Beat,2023,10000,17300000,bensin,
Honda,Vario,2023,5000,21300000,bensin,
Honda,Vario,2022,5000,24500000,bensin,
Yamaha,Fino,2019,25000,13500000,bensin,
Honda,Scoopy,2021,5000,17900000,bensin,
Yamaha,Fino,2019,20000,13500000,bensin,
Aprilia,Aprilia SR,2022,5000,50000000,bensin,
Honda,Vario,2014,45000,10500000,bensin,
Honda,Scoopy,2022,15000,19750000,bensin,
Yamaha,Vixion,2015,55000,13750000,bensin,
Honda,Beat,2022,10000,17800000,bensin,
Honda,Beat,2021,5000,16500000,bensin,
Honda,Beat,2021,45000,13200000,bensin,
Honda,PCX,2022,20000,31400000,bensin,
Honda,Beat,2020,35000,16200000,bensin,
Yamaha,Xabre,2016,35000,14500000,bensin,
Yamaha,Nuovo,2005,25000,3000000,bensin,
Honda,Vario,2013,35000,10200000,bensin,
Honda,Beat,2015,5000,10400000,bensin,
Honda,Beat,2018,5000,12800000,bensin,
Honda,Beat,2011,5000,7800000,bensin,
Honda,Beat,2023,5000,17000000,bensin,
Honda,PCX,2021,15000,26500000,bensin,
Yamaha,Mio,2014,35000,5500000,bensin,
Yamaha,WR 250,2020,25000,26500000,bensin,
Honda,Supra,2010,90000,8500000,bensin,
Honda,CBR,2019,45000,17500000,bensin,
Honda,Scoopy,2016,40000,11300000,bensin,
Yamaha,YZF R15,2014,40000,17000000,bensin,
Yamaha,YZF R15,2014,40000,17000000,bensin,
Honda,Vario,2014,50000,10000000,bensin,
Kawasaki,Z Series,2013,20000,174900000,bensin,
Yamaha,Fino,2019,20000,13500000,bensin,
Honda,Beat,2019,5000,15397000,bensin,
Yamaha,Soul GT,2012,20000,7900000,bensin,
Yamaha,Soul GT,2012,20000,7900000,bensin,
Yamaha,NMAX,2023,5000,31250000,bensin,
Yadea,Lain-lain,2024,5000,14850000,listrik,
Uwinifly,Lain-lain,2023,5000,5000000,listrik,
Alva,Lain-lain,2023,5000,28999999,listrik,
Alva,Lain-lain,2023,5000,9500000,listrik,
Smoot,Lain-lain,2022,10000,10400000,listrik,
Goda,Lain-lain,2023,40000,3500000,listrik,
Alva,Lain-lain,2023,5000,35000000,listrik,
Uwinifly,Lain-lain,2023,5000,8000000,listrik,
Smoot,Lain-lain,2022,10000,6650000,listrik,
Yadea,Lain-lain,2023,5000,10800000,listrik,
Yadea,Lain-lain,2023,5000,10800000,listrik,
Yadea,Lain-lain,2023,5000,6000000,listrik,
Gesits,Lain-lain,2022,5000,19000000,listrik,
Yadea,Lain-lain,2023,5000,15513000,listrik,
Yadea,Lain-lain,2023,5000,14500000,listrik,
Uwinifly,Lain-lain,2022,5000,8450000,listrik,
Uwinifly,Lain-lain,2023,5000,8000000,listrik,
Uwinifly,Lain-lain,2023,5000,13500000,listrik,
Smoot,Lain-lain,2023,10000,11500000,listrik,
Agats,Lain-lain,2023,5000,20499000,listrik,
Uwinifly,Lain-lain,2022,5000,6500000,listrik,
Smoot,Lain-lain,2022,10000,10000000,listrik,
Alva,Lain-lain,2024,5000,29490000,listrik,
Genio,Lain-lain,2023,5000,3500000,listrik,
Uwinifly,Lain-lain,2023,10000,8500000,listrik,
Yadea,Lain-lain,2023,5000,9800000,listrik,
Yadea,Lain-lain,2023,5000,12000000,listrik,
Uwinifly,Lain-lain,2023,5000,8000000,listrik,
Uwinifly,Lain-lain,2023,10000,10000000,listrik,
Gesits,Lain-lain,2023,10000,20000000,listrik,
Uwinifly,Lain-lain,2023,75000,7000000,listrik,
Exsotik,Lain-lain,2023,20000,8500000,listrik,
Exsotik,Lain-lain,2023,5000,8800000,listrik,
Uwinifly,Lain-lain,2023,40000,9000000,listrik,
Smoot,Lain-lain,2022,10000,10300000,listrik,
Uwinifly,Lain-lain,2022,5000,9500000,listrik,
Gesits,Lain-lain,2022,5000,22000000,listrik,
Alva,Lain-lain,2023,5000,3000000,listrik,
Exsotik,Lain-lain,2023,10000,8650000,listrik,
Goda,Lain-lain,2023,10000,9000000,listrik,
Uwinifly,Lain-lain,2022,5000,7500000,listrik,
Uwinifly,Lain-lain,2023,5000,5250000,listrik,
Uwinifly,Lain-lain,2023,5000,7300000,listrik,
Goda,Lain-lain,2022,15000,700000,listrik,
Goda,Lain-lain,2023,5000,9000000,listrik,
Yadea,Lain-lain,2023,5000,14500000,listrik,
Volta,Lain-lain,2023,15000,10500000,listrik,
Volta,Lain-lain,2021,10000,6000000,listrik,
Exsotik,Lain-lain,2023,20000,7500000,listrik,
Uwinifly,Lain-lain,2023,5000,8000000,listrik,
Uwinifly,Lain-lain,2023,5000,6700000,listrik,
Selis,Lain-lain,2022,45000,6000000,listrik,
Uwinifly,Lain-lain,2023,5000,7900000,listrik,
Uwinifly,Lain-lain,2023,5000,7000000,listrik,
Uwinifly,Lain-lain,2023,5000,7000000,listrik,
Uwinifly,Lain-lain,2023,5000,16000000,listrik,
Yadea,Lain-lain,2024,5000,15100000,listrik,
Yadea,Lain-lain,2024,5000,14850000,listrik,
Smoot,Lain-lain,2022,10000,10600000,listrik,
Tangkas,Lain-lain,2022,15000,11000000,listrik,
Tangkas,Lain-lain,2023,5000,12000000,listrik,
Tangkas,Lain-lain,2023,5000,16000000,listrik,
Uwinifly,Lain-lain,2023,10000,8000000,listrik,
Smoot,Lain-lain,2023,5000,12500000,listrik,
Smoot,Lain-lain,2023,5000,14000000,listrik,
Tangkas,Lain-lain,2024,5000,10399000,listrik,
Yadea,Lain-lain,2023,10000,500000,listrik,
Alva,Lain-lain,2023,15000,25000000,listrik,
Uwinifly,Lain-lain,2022,10000,6800000,listrik,
Uwinifly,Lain-lain,2023,5000,10000000,listrik,
Volta,Lain-lain,2023,5000,7500000,listrik,
Alva,Lain-lain,2023,5000,9000000,listrik,
Alva,Lain-lain,2023,5000,32000000,listrik,
Smoot,Lain-lain,2024,5000,5000000,listrik,
Smoot,Lain-lain,2023,10000,14000000,listrik,
United,Lain-lain,2024,5000,24500000,listrik,
United,Lain-lain,2023,5000,16900000,listrik,
United,Lain-lain,2024,5000,9900000,listrik,
Uwinifly,Lain-lain,2023,5000,7500000,listrik,
Uwinifly,Lain-lain,2023,5000,6000000,listrik,
Uwinifly,Lain-lain,2024,5000,9100000,listrik,
Yadea,Lain-lain,2023,5000,14500000,listrik,
Volta,Lain-lain,2023,5000,10000000,listrik,
Yadea,Lain-lain,2023,5000,14500000,listrik,
Yadea,Lain-lain,2023,5000,23000000,listrik,
Uwinifly,Lain-lain,2023,45000,4100000,listrik,
Uwinifly,Lain-lain,2022,5000,7000000,listrik,
Smoot,Lain-lain,2023,5000,11000000,listrik,
Genio,Lain-lain,2023,45000,4900000,listrik,
Uwinifly,Lain-lain,2023,5000,9500000,listrik,
Viar,Lain-lain,2021,25000,7500000,listrik,
Uwinifly,Lain-lain,2022,40000,7800000,listrik,
Uwinifly,Lain-lain,2023,5000,7500000,listrik,
Uwinifly,Lain-lain,2023,30000,8000000,listrik,
Voxa,Lain-lain,2023,45000,3300000,listrik,
Uwinifly,Lain-lain,2023,5000,10000000,listrik,
Smoot,Lain-lain,2023,5000,10000000,listrik,
Smoot,Lain-lain,2022,10000,20000000,listrik,
Yadea,Lain-lain,2023,5000,7000000,listrik,
Exsotik,Lain-lain,2023,5000,7000000,listrik,
Uwinifly,Lain-lain,2023,5000,8000000,listrik,
United,Lain-lain,2023,5000,22500000,listrik,
United,Lain-lain,2023,5000,22500000,listrik,
United,Lain-lain,2023,5000,10000000,listrik,
Smoot,Lain-lain,2023,5000,15000000,listrik,
Uwinifly,Lain-lain,2023,5000,8500000,listrik,
Volta,Lain-lain,2021,5000,4000000,listrik,
United,Lain-lain,2023,5000,10300000,listrik,
United,Lain-lain,2023,5000,12500000,listrik,
Uwinifly,Lain-lain,2023,5000,8500000,listrik,
Yadea,Lain-lain,2023,5000,16900000,listrik,
Winifly,Lain-lain,2024,5000,7999000,listrik,
Yadea,Lain-lain,2022,5000,6500000,listrik,
Uwinifly,Lain-lain,2017,5000,1500000,listrik,
Yadea,Lain-lain,2023,5000,11500000,listrik,
Yadea,Lain-lain,2023,5000,14000000,listrik,
Uwinifly,Lain-lain,2023,60000,7500000,listrik,
Uwinifly,Lain-lain,2023,60000,7500000,listrik,
Uwinifly,Lain-lain,2023,60000,7500000,listrik,
Uwinifly,Lain-lain,2023,5000,10000000,listrik,
Uwinifly,Lain-lain,2023,60000,7500000,listrik,
Uwinifly,Lain-lain,2023,60000,7500000,listrik,
Uwinifly,Lain-lain,2023,55000,7500000,listrik,
Uwinifly,Lain-lain,2023,60000,7500000,listrik,
Uwinifly,Lain-lain,2023,60000,7500000,listrik,
Uwinifly,Lain-lain,2022,5000,8500000,listrik,
Vespa,Lain-lain,2023,10000,34900000,listrik,
Yadea,Lain-lain,2023,5000,8499000,listrik,
Uwinifly,Lain-lain,2022,5000,2950000,listrik,
Smoot,Lain-lain,2022,10000,9500000,listrik,
Smoot,Lain-lain,2020,5000,2500000,listrik,
Smoot,Lain-lain,2023,5000,10300000,listrik,
Honda,Scoopy,2018,25000,14500000,bensin,
Honda,Revo,2020,10000,10000000,bensin,
Honda,Scoopy,2025,1000,24000000,bensin,
